{
    "root_group": {
        "name": "",
        "path": "",
        "id": "d41d8cd98f00b204e9800998ecf8427e",
        "groups": {},
        "checks": {
                "status is 200": {
                    "fails": 0,
                    "name": "status is 200",
                    "path": "::status is 200",
                    "id": "6210a8cd14cd70477eba5c5e4cb3fb5f",
                    "passes": 432
                },
                "response time < 3000ms": {
                    "name": "response time < 3000ms",
                    "path": "::response time < 3000ms",
                    "id": "7fddcfa4ccda0f1b644d2240b69cd261",
                    "passes": 432,
                    "fails": 0
                },
                "response has body": {
                    "id": "5c0e70d8c221320a6668e681fb805817",
                    "passes": 432,
                    "fails": 0,
                    "name": "response has body",
                    "path": "::response has body"
                }
            }
    },
    "metrics": {
        "http_req_receiving": {
            "min": 0,
            "med": 0.51455,
            "max": 15.5981,
            "p(90)": 8.03392,
            "p(95)": 9.587825,
            "avg": 2.2773356481481493
        },
        "http_req_blocked": {
            "avg": 2.307504166666666,
            "min": 0,
            "med": 0,
            "max": 279,
            "p(90)": 0,
            "p(95)": 0
        },
        "vus_max": {
            "value": 10,
            "min": 10,
            "max": 10
        },
        "iteration_duration": {
            "avg": 1404.9082328703691,
            "min": 1212.3602,
            "med": 1398.56065,
            "max": 1745.6134,
            "p(90)": 1538.8607100000002,
            "p(95)": 1569.97257
        },
        "http_req_tls_handshaking": {
            "p(95)": 0,
            "avg": 1.3501652777777777,
            "min": 0,
            "med": 0,
            "max": 107.8796,
            "p(90)": 0
        },
        "checks": {
            "passes": 1296,
            "fails": 0,
            "value": 1
        },
        "http_req_failed": {
            "passes": 0,
            "fails": 432,
            "thresholds": {
                "rate<0.1": false
            },
            "value": 0
        },
        "vus": {
            "min": 1,
            "max": 10,
            "value": 1
        },
        "http_req_duration{expected_response:true}": {
            "avg": 401.0987263888888,
            "min": 210.2899,
            "med": 391.87514999999996,
            "max": 745.0528,
            "p(90)": 531.6561399999999,
            "p(95)": 566.359395
        },
        "http_req_sending": {
            "avg": 0.023553009259259256,
            "min": 0,
            "med": 0,
            "max": 1.1761,
            "p(90)": 0,
            "p(95)": 0
        },
        "http_req_duration": {
            "p(95)": 566.359395,
            "avg": 401.0987263888888,
            "min": 210.2899,
            "med": 391.87514999999996,
            "max": 745.0528,
            "p(90)": 531.6561399999999,
            "thresholds": {
                "p(95)<3000": false
            }
        },
        "http_req_connecting": {
            "p(90)": 0,
            "p(95)": 0,
            "avg": 0.5996601851851852,
            "min": 0,
            "med": 0,
            "max": 47.6592
        },
        "http_req_waiting": {
            "max": 744.2555,
            "p(90)": 527.48202,
            "p(95)": 562.8439149999999,
            "avg": 398.7978377314814,
            "min": 209.7834,
            "med": 388.66875000000005
        },
        "data_received": {
            "count": 497537,
            "rate": 5512.507629934253
        },
        "http_reqs": {
            "rate": 4.786384321430561,
            "count": 432
        },
        "data_sent": {
            "count": 111512,
            "rate": 1235.5076121559368
        },
        "iterations": {
            "count": 432,
            "rate": 4.786384321430561
        }
    }
}